year1990, year2013, group
76.99463, 82.19756, "Australia"
52.46232, 69.10293, "Bhutan"
65.34032, 74.12244, "Brazil"
69.47156, 75.35302, "China"
47.09956, 63.44220, "Ethiopia"
57.94373, 67.66041, "India"
78.83683, 83.33195, "Japan"
75.21463, 78.84146, "United States"
